-1.087676867440726,7.030647178536463,0
4.084657620198155,7.824638774899795,0
9.25792792523709,8.613120176663353,0
14.43208912063529,9.39633672261483,0
19.60709627935197,10.17453375154192,0
24.782904474346363,10.947956602232326,0
29.959468778577673,11.716850613473726,0
35.13674426500512,12.481461124053826,0
40.31468600658792,13.242033472760319,0
45.4932490762853,13.998812998380902,0
50.672388547056464,14.75204503970326,0
55.85205949186063,15.501974935515094,0
61.03221698365702,16.248848024604094,0
66.21281609540486,16.99290964575796,0
71.39381190006334,17.734405137764377,0
76.57515947059173,18.473579839411055,0
81.75681387994918,19.210679089485673,0
86.93873020109494,19.945948226775933,0
92.12086350698824,20.679632590069527,0
97.30316887058825,21.411977518154142,0
102.48560136485429,22.143228349817495,0
107.66811606274544,22.873630423847253,0
112.85066803722103,23.603429079031127,0
118.0332123612402,24.332869654156806,0
123.2157041077622,25.06219748801198,0
128.39809834974628,25.791657919384356,0
133.58035016015162,26.52149628706162,0
138.7624146119374,27.251957929831462,0
143.94424677806296,27.983288186481587,0
149.12580173148734,28.715732395799684,0
154.30703454516993,29.449535896573448,0
159.48790029206984,30.184944027590568,0
164.66835404514632,30.92220212763874,0
169.84835087735863,31.66155553550567,0
175.02785427614825,32.40323861735339,0
180.20692594692207,33.1473576614763,0
185.38569115178223,33.89393607717568,0
190.56427622069052,34.64299588124637,0
195.74280748360857,35.394559090483206,0
200.92141127049817,36.14864772168103,0
206.10021391132085,36.90528379163465,0
211.27934173603836,37.66448931713892,0
216.45892107461248,38.42628631498869,0
221.63908738374496,39.190445665913344,0
226.82018255905618,39.951057771423535,0
232.00275302218608,40.69658519012792,0
237.18735393892433,41.41524987211911,0
242.37454047506077,42.095273767489715,0
247.56486779638493,42.724878826332336,0
252.75683162148422,43.32512421772393,0
257.94060880489127,44.049710705203545,0
263.09908736564313,45.087771429634714,0
268.11186848323746,46.66716971704829,0
272.7642763129881,49.04831704887386,0
276.88452990248965,52.31448945194383,0
280.3716673286838,56.27686070313277,0
283.1309916645981,60.75197736780234,0
285.0686306596636,65.63215698417459,0
286.09837353758815,70.79618338625089,0
286.15889134383576,76.0367936716065,0
285.31407726012947,81.18991167443903,0
283.9983290599619,86.27934215772837,0
282.6671316120885,91.35929287181942,0
281.424820725107,96.44397830814877,0
280.22559938155194,101.53051394902951,0
279.0233912771164,106.61597356177543,0
277.7931406005913,111.69909850941657,0
276.5447848730882,116.781406242623,0
275.2915724363188,121.86467686576302,0
274.04675163199454,126.95069048320484,0
272.8225518566895,132.0410742671715,0
271.6209018499647,137.13590937772466,0
270.43775152464497,142.23437962062772,0
269.2689772324666,147.3356577609565,0
268.1104553251659,152.4389165637866,0
266.95806215447925,157.54332879419383,0
265.80767407214296,162.6480672172539,0
264.65516742989337,167.7523045980425,0
263.4964185794669,172.85521370163548,0
262.32748108180124,177.95599996780237,0
261.1468276287209,183.05431488742414,0
259.95468100958664,188.15013264287194,0
258.7513030046747,193.2434346058517,0
257.53695539426093,198.33420214806893,0
256.3119410872164,203.42242672586104,0
255.08004293837914,208.50895306986558,0
253.85111785170173,213.59611525281247,0
252.63563369418725,218.68639715408798,0
251.44405833283903,223.7822826530784,0
250.2868596346604,228.88625562917008,0
249.17450546665444,234.00079996174912,0
248.109737158864,239.12654044936556,0
247.051923370815,244.25366599917334,0
245.9453090190604,249.36872659692102,0
244.7341234495991,254.4582684819286,0
243.35659098293888,259.50608550656284,0
241.72506474993642,264.4839870648546,0
239.74806213880237,269.3420577454637,0
237.34064085484857,273.9917989986797,0
234.44147074382994,278.35183543868317,0
231.09322131244542,282.3952750714667,0
227.368178521622,286.1107332122976,0
223.32841998867414,289.47829130886976,0
219.01036667156887,292.4565843328418,0
214.44657310964539,295.0015337911058,0
209.6787450922461,297.12439014440156,0
204.76498696378786,298.9355504068459,0
199.765108515949,300.55572281919495,0
194.7389187646764,302.1056140966875,0
189.7332762821485,303.6804632151504,0
184.7491841113102,305.28533180282335,0
179.7775007738176,306.90533174496716,0
174.80908479132668,308.5255749268423,0
169.83480326266988,310.1311884173663,0
164.8490330576541,311.7135124208376,0
159.85504361762082,313.2796291233617,0
154.85749149264043,314.83907622577254,0
149.86103323278337,316.4013914289041,0
144.87032538812002,317.97611243359023,0
139.88944597411032,319.5751738325138,0
134.91858134476945,321.227284629718,0
129.9668500874028,322.96902257617256,0
125.06073342359623,324.83815148523723,0
120.2283101969818,326.872541801037,0
115.49765925119172,329.1100639676974,0
110.89681077086735,331.5885016075467,0
106.44122540758238,334.32321063888185,0
102.11712242046966,337.27737182825746,0
97.90657208010809,340.4067629395215,0
93.79170416018462,343.66724757657437,0
89.76729761918531,347.0329372419336,0
85.85637039174352,350.5186813972795,0
82.08576396311703,354.1448454142311,0
78.48210598836874,357.931573549869,0
75.0588906353026,361.8854291683794,0
71.80907860604506,365.9917426748256,0
68.72384348483273,370.23399647638746,0
65.79446482944107,374.59573228476967,0
63.01887939497478,379.0642172881174,0
60.40551816213554,383.63259141475305,0
57.963735677266996,388.2945114354289,0
55.70288648671278,393.0436341208969,0
53.63232513681653,397.87361624190885,0
51.76140617392194,402.77811456921694,0
50.09948414437261,407.75078587357314,0
48.655817871414136,412.78528044343386,0
47.43207895849672,417.87473476650155,0
46.416974643646626,423.01140739351104,0
45.59794327617016,428.18747094701826,0
44.96253947242047,433.39508650852736,0
44.50961745580134,438.6252935231434,0
44.25862612451529,443.8670871403802,0
44.231202345950145,449.1092453246877,0
44.44898298749372,454.34054604051596,0
44.93287261323271,459.54987766102795,0
45.67658893642024,464.73022749653353,0
46.63925694113487,469.8797983721342,0
47.77776113252752,474.99713090793216,0
49.04925787359935,480.08086531401773,0
50.42063206760424,485.13320566743994,0
51.87094081711204,490.16081510054556,0
53.38000952074928,495.1706381964288,0
54.928130695716106,500.16933856160233,0
56.498153233792756,505.1620421172182,0
58.07379608941338,510.1533514328756,0
59.638778943820334,515.1478686409918,0
61.17682147825603,520.1501958739833,0
62.67164337396281,525.1649352642672,0
64.10941786725401,530.1960105997806,0
65.4922085827419,535.2429523873358,0
66.82840944442827,540.3035409697901,0
68.12637173364688,545.3755624585804,0
69.38770426664132,550.4579787466615,0
70.6011276485177,555.5519992314655,0
71.75391015110824,560.6590865748606,0
72.83332004624512,565.7807034387149,0
73.82662560576048,570.9183124848965,0
74.72119711812726,576.0733570869932,0
75.51196391631458,581.2458514304285,0
76.20648334434671,586.4334221232112,0
76.81351301850984,591.6334688379338,0
77.34181055509019,596.8433912471884,0
77.8001163677706,602.0605905963586,0
78.19246825259279,607.2828980794712,0
78.51183882429909,612.5091565525792,0
78.74961047229782,617.7383542620851,0
78.89716558599724,622.9694794543916,0
78.94589503395416,628.2015204877689,0
78.8919038863756,633.4335279162138,0
78.74383873778574,638.6647177574156,0
78.51240879633528,643.8943332416776,0
78.20832327017484,649.1216175993038,0
77.84229136745509,654.3458140605976,0
77.4250222963267,659.566165855863,0
76.96663760287446,664.7819927729709,0
76.47213552776607,669.9932820374606,0
75.94387276027938,675.2003650024913,0
75.38418405120329,680.4035758792554,0
74.79540415132676,685.6032488789447,0
74.17986781143858,690.7997182127515,0
73.53993579033538,695.9933206573907,0
72.87919266665716,701.1845137115513,0
72.2029481699399,706.3739250489875,0
71.51664202381211,711.5621951665371,0
70.82571395190242,716.7499645610366,0
70.13560367783934,721.9378737293235,0
69.45175092525159,727.1265631682353,0
68.77953961379035,732.3166668244946,0
68.12157803899797,737.5084928498577,0
67.4764727278578,742.7018796797191,0
66.84251883795565,747.8966292018071,0
66.2180115268772,753.0925433038515,0
65.60124595220827,758.2894238735802,0
64.99051727153454,763.4870727987228,0
64.38412064244179,768.6852919670072,0
63.78035122251574,773.8838832661634,0
63.17750416934217,779.0826485839189,0
62.57387464050676,784.2813898080032,0
61.96789730863585,789.4799213470969,0
61.35883839666536,794.6781322384044,0
60.7462709380904,799.8759390542266,0
60.129768452298684,805.0732584104732,0
59.50890445867799,810.2700069230519,0
58.883252476616086,815.4661012078728,0
58.252386025500726,820.661457880843,0
57.615878624719656,825.8559935578729,0
56.97330379366069,831.0496248548701,0
56.324235051711526,836.2422683877439,0
55.66824591826,841.4338407724026,0
55.004910131190954,846.6242586692977,0
54.334235802600396,851.8135272895772,0
53.657574523488535,857.0019257234339,0
52.97653682487118,862.1897858480762,0
52.292733237764,867.3774395407132,0
51.6077742931828,872.5652186785544,0
50.9232705221433,877.753455138809,0
50.24083245566126,882.9424807986857,0
49.56207062475241,888.1326275353941,0
48.88859556043253,893.3242272261427,0
48.22187064172549,898.517586486087,0
47.54737481695902,903.7102678319076,0
46.820477070287666,908.8946647061837,0
45.993213849604075,914.0625984443079,0
45.01762160280077,919.2058903816737,0
43.845733987188396,924.3163597196217,0
42.402726223537265,929.3652861074481,0
40.52108106070049,934.2530641357353,0
38.0243066336718,938.8638001988621,0
34.878386197671446,943.0685588472229,0
31.15282915046565,946.7409767226185,0
26.974418038743686,949.9076666811026,0
22.493940900885157,952.6671644934357,0
17.631070405547963,954.5560450114226,0
12.395695483376294,955.026248131802,0
7.229703631568533,954.0732606768923,0
2.554957983738297,951.744422986287,0
-1.7474680431250318,948.7560864975347,0
-5.470859256869846,945.0851356330439,0
-8.66663065788095,940.925898920168,0
-11.433834094250678,936.4838761338141,0
-13.783404213447955,931.8050731484517,0
-15.767496697319064,926.9593311714458,0
-17.46550735416707,922.0118110764612,0
-18.990961022071815,917.0048575299178,0
-20.461541246344293,911.9780349865893,0
-21.994775088072956,906.9708565065763,0
-23.657370652839578,902.0061444985057,0
-25.392441097106797,897.0661286394323,0
-27.124669989175086,892.1269857107975,0
-28.77874089734464,887.1648924940438,0
-30.28424651720768,882.1576120131906,0
-31.633494361932662,877.1031717726764,0
-32.862106260039894,872.0135950458712,0
-34.00656567514216,866.9011835186182,0
-35.10327078407806,861.7781868623066,0
-36.18415372887445,856.6541310158494,0
-37.27457481998871,851.5345339084058,0
-38.39936812101495,846.4245925232104,0
-39.58336769554752,841.3295038434983,0
-40.850466402913675,836.2542848691807,0
-42.206308249243385,831.2004629334131,0
-43.63999798015152,826.1664026222475,0
-45.1400420929452,821.1503541207256,0
-46.694947084931265,816.1505676138894,0
-48.293318651547715,811.1652605018584,0
-49.92553281274625,806.1920650935658,0
-51.583491305748865,801.2281094493042,0
-53.25914580511703,796.2705051251069,0
-54.94444798541254,791.3163636770059,0
-56.631349521196846,786.3627966610345,0
-58.3120470165358,781.4070030927477,0
-59.98415709391509,776.448117370002,0
-61.65060044570097,771.4871678700026,0
-63.31451950065619,766.5252621476758,0
-64.9790566875437,761.5635077579458,0
-66.64735443512622,756.6030122557386,0
-68.32252438735438,751.6448724087953,0
-70.00598342792296,746.6895911306556,0
-71.6966055968786,741.7367803071277,0
-73.39305573025062,736.785978517672,0
-75.09399866406878,731.8367243417488,0
-76.79809923436238,726.888556358819,0
-78.50402227716117,721.9410131483421,0
-80.21043262849449,716.9936332897796,0
-81.91599385460853,712.0459549408927,0
-83.61901384551317,707.097398138417,0
-85.31695955172735,702.147103640839,0
-87.00717641445466,697.1941718530785,0
-88.68700987489889,692.2377031800536,0
-90.35380537426364,687.2767980266844,0
-92.00490835375277,682.3105567978897,0
-93.6376869021413,677.3380876380085,0
-95.25394095601632,672.360013199358,0
-96.86518294102265,667.3802752108178,0
-98.48421266289655,662.4032553413327,0
-100.12382992737406,657.4333352598479,0
-101.79683454019155,652.4748966353087,0
-103.51599373549637,647.5323099997248,0
-105.28289768933726,642.6061242056758,0
-107.07167723575259,637.6874991590603,0
-108.85232262400508,632.7661790097225,0
-110.59482413049989,627.8319079167566,0
-112.27722886597206,622.8771756221761,0
-113.90837334145475,617.9049641839713,0
-115.50444783576795,612.9207616542245,0
-117.08164262773205,607.9300560850179,0
-118.65614799616702,602.9383355284338,0
-120.24415421989322,597.951088036554,0
-121.86178104758616,592.9737778135202,0
-123.51703728252171,588.009126557413,0
-125.20240170566761,583.0546048915995,0
-126.90859948205761,578.1070904996486,0
-128.6263557767251,573.1634610651298,0
-130.34639575470382,568.220594271612,0
-132.05944458102707,563.2753678026643,0
-133.75622742072866,558.3246593418557,0
-135.42991302588146,553.3661692871443,0
-137.08457136569467,548.4012682917489,0
-138.72731117002962,543.4323501081584,0
-140.3652412998257,538.4618085329913,0
-142.00547061602214,533.4920373628679,0
-143.65510794192636,528.5254303817715,0
-145.31964007691366,523.5638367326126,0
-146.9986121962285,518.6071104875258,0
-148.6902093572491,513.6546490200494,0
-150.39261661735387,508.70584970372096,0
-152.10401903392096,503.7601099120787,0
-153.82260166432894,498.81682701866004,0
-155.5465495659559,493.8753983970033,0
-157.2739178965335,488.9351751906722,0
-159.0016299360934,483.9951057193776,0
-160.72602562943925,479.05393069970717,0
-162.443440084325,474.1103891267921,0
-164.1502084085049,469.163219995763,0
-165.8429064305135,464.21124490192074,0
-167.5216046253216,459.2544845825256,0
-169.18900983489547,454.29386440949725,0
-170.84789368066623,449.33033198297625,0
-172.50102778406446,444.36483490310303,0
-174.1511837665213,439.39832077001824,0
-175.80113324946737,434.4317371838626,0
-177.45364785433372,429.4660317447765,0
-179.1114978274721,424.5021515794788,0
-180.77662177799584,419.5407574927564,0
-182.44871824588907,414.5817390626052,0
-184.12711242428128,409.6248573285327,0
-185.81112950630165,404.6698733300474,0
-187.5000946850797,399.71654810665706,0
-189.1933331537446,394.7646426978701,0
-190.8901701054258,389.8139181431941,0
-192.58993073325257,384.8641354821377,0
-194.29194023035438,379.91505575420854,0
-195.99547077604265,374.9664240739912,0
-197.69916888993487,370.0177976129365,0
-199.40127294401435,365.06861093823454,0
-201.10001430291726,360.11829651212344,0
-202.79362433127963,355.1662867968426,0
-204.48033439373762,350.2120142546303,0
-206.15837585492721,345.2549113477257,0
-207.82598007948457,340.2944105383672,0
-209.48137843204566,335.32994428879385,0
-211.12280227724668,330.3609450612441,0
-212.748534411248,325.3868617428894,0
-214.35908820141134,320.40785556573496,0
-215.9580159213875,315.4250582527529,0
-217.54908780533663,310.43967113376806,0
-219.1360740874188,305.4528955386052,0
-220.7227450017941,300.4659327970899,0
-222.31287078262264,295.47998423904653,0
-223.91022166406452,290.4962511943007,0
-225.5185678802799,285.5159349926771,0
-227.1416796654288,280.5402369640011,0
-228.78332725367142,275.5703584380976,0
-230.4472782289829,270.6074999175419,0
-232.13523255961906,265.6522165033113,0
-233.84312184046505,260.7032627116003,0
-235.56587957332172,255.75908150609064,0
-237.29843925999023,250.81811585046407,0
-239.0357344022711,245.87880870840326,0
-240.77269850196535,240.9396030435898,0
-242.50426506087393,235.9989418197057,0
-244.2253675807979,231.0552680004325,0
-245.93093956353775,226.10702454945297,0
-247.61591451089467,221.15265443044876,0
-249.27522592466946,216.1906006071017,0
-250.90380730666323,211.2193060430934,0
-252.49659215867652,206.23721370210674,0
-254.04851398251043,201.24276654782324,0
-255.55487024819226,196.23451755070693,0
-257.0166767227359,191.2127479954106,0
-258.4394946655527,186.1791130090154,0
-259.8290108625553,181.1353056580842,0
-261.1909120996574,176.0830190091807,0
-262.5308851627718,171.02394612886792,0
-263.8546168378113,165.9597800837102,0
-265.16779391068934,160.89221394027072,0
-266.4761031673188,155.82294076511297,0
-267.78523139361295,150.7536536248001,0
-269.1008653754845,145.68604558589647,0
-270.42869189884675,140.62180971496514,0
-271.7743977496128,135.56263907856967,0
-273.1436697136956,130.51022674327314,0
-274.5417128586976,125.46612686384739,0
-275.96925314778593,120.43060196795945,0
-277.42458299130254,115.4032128263001,0
-278.90597056166587,110.38351322013592,0
-280.4116840312941,105.3710569307349,0
-281.93999157260566,100.36539773936353,0
-283.489161358019,95.36608942728888,0
-285.05746155995246,90.3726857757775,0
-286.6431603508242,85.38474056609729,0
-288.24452590305265,80.40180757951488,0
-289.8598263890562,75.42344059729724,0
-291.4873596369577,70.44919170833018,0
-293.12564584356176,65.4786003114464,0
-294.7733061358605,60.51120004563069,0
-296.42896214465253,55.546524521117036,0
-298.0912355007371,50.58410734813905,0
-299.75874783491304,45.623482136931656,0
-301.43012077797914,40.66418249772842,0
-303.1039759607345,35.70574204076339,0
-304.77893501397807,30.747694376270193,0
-306.45361956850866,25.789573114483726,0
-308.12665125512535,20.830911865637578,0
-309.796651704627,15.871244239965788,0
-311.46235244301556,10.910140608349293,0
-313.1239201784338,5.947651419263949,0
-314.78252835225584,0.9841638798806203,0
-316.4393712196403,-3.979927840285367,0
-318.09564303574615,-8.94422957171868,0
-319.75253805573243,-13.908347144904404,0
-321.4112505347575,-18.871886390326353,0
-323.07297472798064,-23.83445313846962,0
-324.7389048905605,-28.795653219818867,0
-326.41023527765606,-33.755092464859175,0
-328.08816014442596,-38.712376704074366,0
-329.77387374602927,-43.667111767949535,0
-331.4684487669813,-48.618943290581484,0
-333.16914890711223,-53.56876401100112,0
-334.8687633233683,-58.5189316845001,0
-336.5598254072994,-63.471887806872815,0
-338.2348685504556,-68.43007387391324,0
-339.886426144387,-73.39593138141578,0
-341.50703158064334,-78.37190182517357,0
-343.0892389232295,-83.36041972121996,0
-344.6324301438659,-88.36161423943425,0
-346.1526450515098,-93.36999026732441,0
-347.6684159616846,-98.37921113292278,0
-349.19827518991457,-103.38294016426316,0
-350.7586049730163,-108.37571425869316,0
-352.35416371314835,-113.35679303614778,0
-353.9857996234219,-118.32702481243167,0
-355.6543579827126,-123.28725909552064,0
-357.36068406989574,-128.23834539338995,0
-359.10507488375936,-133.1812771074659,0
-360.78613273262033,-138.1437369176118,0
-362.08561799914924,-143.21028930696966,0
-363.29049222998276,-148.30141366807635,0
-364.58370039575817,-153.34785843406775,0
-362.0653071080054,-157.60852258367495,0
-356.9487806354167,-158.20474107298742,0
-351.7433143572122,-157.3151967173365,0
-346.60306820425564,-156.48486176841172,0
-341.42560174829214,-155.7674098288067,0
-336.22335271349175,-155.0592040987828,0
-331.0221961977806,-154.32124480042603,0
-325.8399919179506,-153.6702517915404,0
-320.68387261618227,-153.21497421853678,0
-315.45239651478187,-152.79672480328512,0
-310.097986564237,-152.42100649781295,0
-305.3414522554486,-154.19670646761836,0
-300.9182202536675,-157.05276686994083,0
-298.04750320192835,-161.45527930773196,0
-295.4770010385504,-165.94574946534993,0
-294.15973000803143,-171.0536268974284,0
-292.9663226805991,-176.1871751220483,0
-291.67521194155626,-181.24374455215337,0
-290.3579944569246,-186.2828472791853,0
-289.05781618661644,-191.3427782065479,0
-287.7542105534455,-196.4143930403756,0
-286.41808280027124,-201.48211300156632,0
-285.02327378996745,-206.531496666755,0
-283.5884521809503,-211.56547037482318,0
-282.1672624974852,-216.60051126533364,0
-280.81370013428426,-221.6532875702275,0
-279.54405612986625,-226.72946838371587,0
-278.31430540697545,-231.81712734601703,0
-277.07500897770075,-236.9027587480376,0
-275.77672785413074,-241.97285688068547,0
-274.37424246674334,-247.0149222285268,0
-272.8580922576372,-252.0249826340277,0
-271.2368273420049,-257.00336089772145,0
-269.51913511154885,-261.95041255611284,0
-267.7137029579719,-266.86649314570616,0
-265.82918270311103,-271.75196027613947,0
-263.87216722124583,-276.6072915595764,0
-261.84610054760435,-281.43314813331904,0
-259.7541607600137,-286.2302066355802,0
-257.5995157359274,-290.99914064315595,0
-255.384550036835,-295.7403886379155,0
-253.1103237678077,-300.4539915954834,0
-250.77776915587725,-305.13995211172556,0
-248.38768267033612,-309.7981629948843,0
-245.9382717514557,-314.426423298953,0
-243.42542046918638,-319.02065316252964,0
-240.84493046277686,-323.5767060622991,0
-238.19260337147605,-328.090435474946,0
-235.46424083453303,-332.55769487715554,0
-232.6556457289522,-336.97433853179365,0
-229.76453779625592,-341.33743823243645,0
-226.79442463176724,-345.647742031295,0
-223.7499019397568,-349.9066891123983,0
-220.63556542449592,-354.115718659774,0
-217.45601079025525,-358.2762698574512,0
-214.2158117092176,-362.38976730470216,0
-210.91765963778613,-366.4563896154633,0
-207.56095056477596,-370.4741338768044,0
-204.14474769168763,-374.44077687793316,0
-200.66811422002195,-378.35409540805756,0
-197.1301133512796,-382.2118662563858,0
-193.52984627851416,-386.0118947284464,0
-189.86781779864444,-389.75303966975065,0
-186.1463147229866,-393.4354974993662,0
-182.3677388908743,-397.0595509759749,0
-178.53449214164223,-400.6254828582578,0
-174.648976314624,-404.13357590489653,0
-170.71366529510848,-407.5842406032844,0
-166.73293474393435,-410.98125905746645,0
-162.7132088885947,-414.3320452309036,0
-158.66101341164432,-417.64419295453894,0
-154.58287399563847,-420.9252960593157,0
-150.4853163231319,-424.18294837617736,0
-146.37486607668066,-427.4247437360664,0
-142.2580357748437,-430.6582608501739,0
-138.1394072703158,-433.88886092751346,0
-134.01961575578264,-437.11737216736105,0
-129.89881421470727,-440.34406891862193,0
-125.77715563055179,-443.5692255302023,0
-121.65479298677863,-446.79311635100794,0
-117.5318792668498,-450.01601572994497,0
-113.40856745422847,-453.23819801591884,0
-109.28501053237667,-456.4599375578355,0
-105.16136148475685,-459.6815087046011,0
-101.03777329483107,-462.90318580512155,0
-96.91439888139814,-466.1252430370724,0
-92.79137243852963,-469.3479049953996,0
-88.66878360043998,-472.57127828136584,0
-84.54671551585996,-475.795452322794,0
-80.42525133352139,-479.0205165475062,0
-76.30447420215503,-482.24656038332483,0
-72.18446727049208,-485.4736732580726,0
-68.06531368726324,-488.70194459957236,0
-63.94709660120042,-491.93146383564596,0
-59.829899161034376,-495.1623203941162,0
-55.71380451549622,-498.3946037028055,0
-51.598895813316766,-501.62840318953687,0
-47.485256203227806,-504.86380828213186,0
-43.37296883396017,-508.1009084084137,0
-39.26211349012688,-511.33978896827693,0
-35.15265391195395,-514.5803964192942,0
-31.044411104449036,-517.8225063192361,0
-26.937197298518097,-521.0658837204601,0
-22.83082472506602,-524.3102936753236,0
-18.725105614998025,-527.5555012361846,0
-14.619852199219006,-530.8012714554009,0
-10.5148767086349,-534.0473693853293,0
-6.409991374150596,-537.293560078328,0
-2.3050084266713284,-540.5396085867544,0
1.8003062255991726,-543.7852218239433,0
5.906423606938912,-547.0298093323338,0
10.013890293380575,-550.2726858303367,0
14.123252893494428,-553.5131659955249,0
18.23505801585109,-556.7505645054715,0
22.34985226902014,-559.9841960377483,0
26.46818226157218,-563.2133752699285,0
30.590594602077488,-566.4374168795852,0
34.71763589910668,-569.6556355442908,0
38.84985276122933,-572.867345941618,0
42.98779179701606,-576.0718627491397,0
47.132039407310344,-579.2684433831823,0
51.284399805137035,-582.4545928232991,0
55.44809143437908,-585.6257809649761,0
59.62641209047872,-588.7773635164793,0
63.82265956887789,-591.9046961860746,0
68.04013166501882,-595.0031346820277,0
72.28203965368814,-598.0681448034096,0
76.54958829400054,-601.0977454844672,0
80.84196659691759,-604.0925205422352,0
85.1582752062386,-607.0531662340929,0
89.49761476576161,-609.9803788174179,0
93.8590859192859,-612.874854549589,0
98.24178931061036,-615.7372896879847,0
102.64482558353424,-618.5683804899841,0
107.06729880047351,-621.368819642602,0
111.50854024349614,-624.139062527441,0
115.96824671867662,-626.8791827773167,0
120.44614808674882,-629.5892195031653,0
124.94197420844547,-632.2692118159218,0
129.45545494450053,-634.9191988265227,0
133.9863201556474,-637.5392196459034,0
138.53429970262,-640.1293133849997,0
143.09912335732565,-642.6895193445416,0
147.68043391196434,-645.2200626755294,0
152.2776244698432,-647.7217020413127,0
156.89004360817623,-650.1952912445164,0
161.51703990417624,-652.641684087765,0
166.1579619350573,-655.0617343736841,0
170.81215827803305,-657.4562959048989,0
175.47897751031755,-659.8262224840346,0
180.15776820912367,-662.1723679137161,0
184.84787902603568,-664.4955860194275,0
189.54869898026325,-666.796743034205,0
194.25972409672102,-669.07673808078,0
198.9804679304819,-671.3364756700229,0
203.7104440366199,-673.5768603128039,0
208.44916597020858,-675.7987965199933,0
213.19614728632212,-678.0031888024615,0
217.95090154003316,-680.1909416710783,0
222.71294228641594,-682.3629596367145,0
227.481783080544,-684.5201472102403,0
232.2569374774913,-686.6634089025258,0
237.03791903233076,-688.7936492244411,0
241.82424130013646,-690.9117726868567,0
246.61541783598193,-693.0186838006427,0
251.4109621949409,-695.1152870766698,0
256.2103534243804,-697.2025733576111,0
261.0122946231955,-699.2834747635185,0
265.8147226651785,-701.362840365783,0
270.61554186118514,-703.4456007021477,0
275.41265652207136,-705.5366863103566,0
280.2039709586919,-707.6410277281527,0
284.98738948190294,-709.7635554932793,0
289.7608164025601,-711.9092001434807,0
294.5221560315194,-714.0828922164999,0
299.2693126796354,-716.2895622500798,0
304.0002848163408,-718.5339182991319,0
308.71775907107855,-720.8095909876783,0
313.43118404191904,-723.0942334048593,0
318.15053476934776,-725.3642547340016,0
322.88578629385177,-727.5960641584327,0
327.64691365591744,-729.7660708614792,0
332.44389189603174,-731.8506840264688,0
337.2866176053623,-733.8265076710463,0
342.1493995952962,-735.7585305304835,0
346.9170487182788,-737.9337239770155,0
351.6047508569706,-740.2962366207067,0
356.4579889194174,-742.1874993630016,0
361.5923127652901,-743.2280195491409,0
366.8370913570817,-743.6719606468495,0
372.07165956387655,-743.6845144190818,0
377.27993169992203,-743.2277825590049,0
382.4363870974461,-742.2985410569614,0
387.4997057257632,-740.9292474130397,0
392.407924769064,-739.0971192300589,0
397.08931581341943,-736.7509931624752,0
401.5056980289701,-733.9193103760908,0
405.64343552144794,-730.6888070685361,0
409.49553417074,-727.1396374613258,0
413.07914431567133,-723.3206182198843,0
416.41208276102105,-719.2702330631865,0
419.4596394631626,-715.0016497741524,0
422.15717024269276,-710.5136090247998,0
424.454010349815,-705.8111988199454,0
426.3723871182121,-700.9326530879616,0
427.95765110528305,-695.9267204876173,0
429.2441911372925,-690.8374637131252,0
430.211236665627,-685.6853644252703,0
430.8207198008631,-680.4835095459941,0
431.03757326936153,-675.2463653386417,0
430.85518892963955,-670.0014784773742,0
430.2826427231149,-664.7836043680371,0
429.329249344412,-659.6274705559533,0
428.01105153805054,-654.5585532478776,0
426.3560555782204,-649.5858783172331,0
424.3934998572603,-644.71677742555,0
422.14392780599485,-639.965817575505,0
419.5899905783741,-635.3790970824315,0
416.70401975817987,-631.0113014889369,0
413.46272196992237,-626.9128895655343,0
409.89559694034716,-623.0833164777147,0
406.0671442214002,-619.4882239345759,0
402.0413564093715,-616.0942316544521,0
397.84548607262286,-612.9192722704346,0
393.46292014594013,-610.042543298724,0
388.8744723920023,-607.5468360731737,0
384.07262629800783,-605.4912543359502,0
379.0974280664401,-603.8383574611482,0
374.0010397003992,-602.5261117712055,0
368.8356232058899,-601.4924835826596,0
363.6462011033568,-600.6790295755634,0
358.44479360122364,-600.043902905441,0
353.2338915820119,-599.5500489139996,0
348.0159850041002,-599.160413407685,0
342.79356382586747,-598.8379421929437,0
337.569118005692,-598.5455810762218,0
332.3451375019539,-598.2462758639655,0
327.12378818324134,-597.9077787241557,0
321.90530694078996,-597.5264492133316,0
316.68921987368935,-597.1091881766868,0
311.4750519656276,-596.6629130012158,0
306.2623282002915,-596.1945410739129,0
301.0505735613684,-595.7109897817726,0
295.839313032545,-595.2191765117892,0
290.6280715975097,-594.7260186509569,0
285.4163742399491,-594.2384335862704,0
280.2037474402703,-593.7633171984124,0
274.98990525754783,-593.3048700569936,0
269.7749295924368,-592.8620072293287,0
264.55894510593686,-592.433029360868,0
259.3420764590483,-592.0162370970617,0
254.12444831277125,-591.6099310833606,0
248.90618532810674,-591.2124119652153,0
243.68741216605466,-590.8219803880758,0
238.46825348761539,-590.4369369973929,0
233.2488339537887,-590.055582438617,0
228.0292782255759,-589.6762173571985,0
222.80971096397684,-589.2971423985881,0
217.5902568299918,-588.916658208236,0
212.37104048462072,-588.5330654315928,0
207.1521591555648,-588.1450129876149,0
201.9335213587404,-587.753545544741,0
196.71495622561304,-587.3607155794773,0
191.4962926119864,-586.9685790679348,0
186.2773593736652,-586.579191986224,0
181.0579853664529,-586.1946103104553,0
175.83825538785447,-585.813967836103,0
170.62258042477387,-585.3870046614043,0
165.41897553007956,-584.8223119365103,0
160.23625842663455,-584.0276156057687,0
155.10511846475862,-582.922980470543,0
150.08203582555387,-581.4430212038965,0
145.22040578645326,-579.5317382356372,0
140.5202032653763,-577.2331062846944,0
135.94678764163024,-574.6558818104595,0
131.46493504970027,-571.9099112323805,0
127.04289252082411,-569.0875603375993,0
122.66068312059178,-566.221886745564,0
118.30082498816425,-563.3333820252793,0
113.94583626270216,-560.4425377457492,0
109.57823508336713,-557.5698454759785,0
105.18453384444003,-554.7310206222842,0
100.76915660732091,-551.9203605709561,0
96.34154617945879,-549.1261615023285,0
91.91114561587152,-546.3367193007051,0
87.48739797157572,-543.5403298503884,0
83.07972319241554,-540.7253152531091,0
78.6915076834419,-537.8868426809433,0
74.31207121174945,-535.0360379494389,0
69.92873279556571,-532.1862967298038,0
65.52881145311852,-529.3510146932471,0
61.099626202635804,-526.543587510978,0
56.63098525490651,-523.7745119742208,0
52.16976615542079,-520.9878226990257,0
47.819814803853355,-518.0612097268075,0
43.68744609631809,-514.8694877391284,0
39.87642203780408,-511.29356757385654,0
36.447811996698945,-507.31630761506716,0
33.4273589079512,-503.0049237260573,0
30.839144707741376,-498.42895229538243,0
28.68356024432355,-493.64929174099416,0
26.929960034758235,-488.71552437255536,0
25.532346137558445,-483.6752720836971,0
24.374033076844984,-478.56978508413124,0
23.314867651735934,-473.43819577126135,0
22.243944707016627,-468.31137886355145,0
21.146802357621944,-463.19299910388804,0
20.0288182167299,-458.08112382787846,0
18.895369897517956,-452.97382037112766,0
17.75183501316373,-447.8691560692413,0
16.60352901997824,-442.76523941850064,0
15.45517548204469,-437.66057087001747,0
14.311170192478423,-432.5538679269405,0
13.175905467955989,-427.4438503945389,0
12.053701442126021,-422.32928722013594,0
10.946572358632663,-417.2105171961758,0
9.853798012580455,-412.0897407219767,0
8.774499522842012,-406.96926622330653,0
7.7077980082899495,-401.8514021259335,0
6.649160717472078,-396.73769604545123,0
5.5681018840885494,-391.6242916515027,0
4.422902557845245,-386.5049936361781,0
3.2648203448672124,-381.3679770408699,0
2.7277064711728487,-376.16621707156,0
3.6973860174339026,-371.0197306154324,0
6.790645344215895,-366.816776512629,0
10.891664837120224,-363.55241617767996,0
15.813286202141722,-361.9180773716908,0
21.10578728562113,-361.17291093240516,0
26.344476611136734,-360.504649492913,0
31.521802921325165,-359.83379195533786,0
36.66946985607933,-359.1497940461679,0
41.81895101652814,-358.44219511361547,0
46.98711884110893,-357.70584219561295,0
52.16774227805366,-356.94398071315834,0
57.352546708034836,-356.16059894744177,0
62.53325751172498,-355.35968517965387,0
67.70166863417282,-354.54527398055535,0
72.85741039598625,-353.7266904592335,0
78.0150912244525,-352.9233718291374,0
83.19100723071759,-352.1558947024157,0
88.40145452592655,-351.44483569121667,0
93.6378680893669,-350.74564737027305,0
98.75517069216637,-349.65618692393537,0
103.56695471932571,-347.6814778319833,0
107.97261753195657,-344.802188600929,0
111.93185334807707,-341.34787802479815,0
115.34540416066996,-337.40190300676244,0
118.24109595545114,-333.0316617523864,0
120.70212440249007,-328.3809289925355,0
122.12822898069288,-323.3923508076255,0
122.5504795142765,-318.14372376613886,0
122.6788469049163,-312.86561860359984,0
122.7578895552408,-307.6211470615176,0
122.82373926907368,-302.3996780526089,0
122.91175690296403,-297.19030772290256,0
123.05525353831537,-291.98237575289573,0
123.24670635787609,-286.7700733121484,0
123.44098446360213,-281.552059798795,0
123.5915537158449,-276.32716133057124,0
123.65187997495569,-271.0942040252124,0
123.57542910128596,-265.8520140004543,0
123.31566695518703,-260.59941737403244,0
122.826059099576,-255.33524042683322,0
121.93013196899871,-250.1295849385091,0
119.96106833312471,-245.32456519111878,0
116.64836999539574,-241.21943865063713,0
112.5042527327723,-237.94098494716883,0
107.9619051840038,-235.34817226661423,0
103.23836605215983,-233.06751748213628,0
98.35249021316736,-231.21384377926168,0
93.28490392999788,-229.9664529295923,0
88.09364660140552,-229.18318267723052,0
82.84999180906027,-228.666920779665,0
77.60906536175135,-228.2660969922531,0
72.37710624704413,-227.96701788620194,0
67.15113742296057,-227.78198224854344,0
61.92818184752255,-227.72328886630922,0
56.70528956663784,-227.8030894675198,0
51.48144736574392,-228.02302130141845,0
46.25883824917713,-228.36736947710855,0
41.039944195373785,-228.81879598566005,0
35.827247182771146,-229.35996281814283,0
30.623227509140975,-229.9735348856829,0
25.429308261396653,-230.64401394013677,0
20.24404871380979,-231.36087743680147,0
15.065527937057153,-232.11443715604287,0
9.891825001814576,-232.8950048782268,0
4.721018978760599,-233.692892383719,0
-0.44881106044630664,-234.4984114570845,0
-5.6192901181851,-235.30313848854078,0
-10.790912056103167,-236.10348366847353,0
-15.963900512906143,-236.89701195401332,0
-21.138479127299668,-237.68128830229105,0
-26.31487153798938,-238.45387767043746,0
-31.493301383681818,-239.21234501558345,0
-36.67396894704991,-239.95446300493472,0
-41.856763552092595,-240.68076972634432,0
-47.04135343263102,-241.3937694689191,0
-52.22740209824034,-242.0960085354753,0
-57.41457305849565,-242.79003322882932,0
-62.60252982297209,-243.47838985179746,0
-67.79093503679833,-244.16363002728565,0
-72.9793901565992,-244.84868195252014,0
-78.16739600895102,-245.53709313535035,0
-83.35444405038905,-246.23246874997824,0
-88.54002573744768,-246.9384139706059,0
-93.72363252666123,-247.6585339714352,0
-98.90475587456415,-248.3964339266681,0
-104.0829685587128,-249.1551263751986,0
-109.26035132454932,-249.91934678214895,0
-114.44190842006883,-250.65252528727325,0
-119.63280913402521,-251.316889278811,0
-124.83822275517497,-251.87466614500204,0
-130.06326141229064,-252.28812546514078,0
-135.30657244398662,-252.52430862389434,0
-140.55448343745198,-252.5593504884099,0
-145.7919388863976,-252.37040681788687,0
-151.0038832845343,-251.9346333715243,0
-156.17674362631,-251.23068523290453,0
-161.30935645134016,-250.24976785619987,0
-166.40674449824982,-248.9893430965318,0
-171.469058796836,-247.44343715501248,0
-176.4238628510492,-245.55468067588288,0
-181.14334235106625,-243.22649407347106,0
-185.49828707248162,-240.36130938556965,0
-189.38027126588702,-236.88892465331153,0
-192.81026941291114,-232.90951350611127,0
-195.8589722401247,-228.5887087646934,0
-198.59833154619122,-224.0863834396905,0
-201.1143523814544,-219.4908636022795,0
-203.50239542597814,-214.84284459101738,0
-205.8579908015039,-210.18215909475234,0
-208.2603225568413,-205.54177246535556,0
-210.71561430435915,-200.92399780537085,0
-213.20974106936197,-196.32259933805122,0
-215.7285769872121,-191.73134091276458,0
-218.25799619327074,-187.14398637888152,0
-220.7840629758615,-182.55439697448332,0
-223.3009254215696,-177.96057413461065,0
-225.81365135572014,-173.366111946131,0
-228.3280820714023,-168.77500063505082,0
-230.85005886170512,-164.19123042737652,0
-233.38542301971788,-159.61879154911463,0
-235.93985621097505,-155.06152817394343,0
-238.5145255516787,-150.51915385763542,0
-241.1055586784682,-145.98677124953207,0
-243.70881821601625,-141.45924052445739,0
-246.32016678899507,-136.93142185723516,0
-248.9354670220773,-132.39817542268932,0
-251.55058153993537,-127.85436139564372,0
-254.1613729672418,-123.29483995092232,0
-256.76227130641036,-118.71416234401123,0
-259.30754684781846,-114.09822010761782,0
-261.70684278263184,-109.42328173961614,0
-263.8674730850903,-104.66511348395915,0
-265.6967546870782,-99.79948219773736,0
-267.15097765814403,-94.8123071652258,0
-268.359778409672,-89.7254434141934,0
-269.4911290175642,-84.56869318717112,0
-270.6727405842805,-79.37009178517656,0
-271.82542674759014,-74.14859435820829,0
-272.8037252561164,-68.92024739286471,0
-273.46214378746424,-63.701096056012226,0
-273.65519001923803,-58.50718551451726,0
-273.23737162904234,-53.35456093524617,0
-272.0799055714567,-48.27211180777019,0
-270.15639112686677,-43.36742831193578,0
-267.47371266968815,-38.80286998119418,0
-264.0066702183244,-34.88755877102394,0
-259.75962357747915,-31.905482570477204,0
-254.93970377524866,-29.754778567692977,0
-249.81623386633493,-28.215225847999438,0
-244.630508446268,-27.079958533545735,0
-239.44873972662714,-26.22567997507597,0
-234.2697015641264,-25.561282777139386,0
-229.09202575085556,-24.995727353682657,0
-223.91434459342406,-24.438011142369305,0
-218.7356321428937,-23.821722889052346,0
-213.55579531778278,-23.147578781730076,0
-208.37489874895093,-22.427643701071105,0
-203.1930070672576,-21.673982527743966,0
-198.0101849035625,-20.898660142417263,0
-192.82649688872513,-20.113741425759557,0
-187.6420076536051,-19.331291258439418,0
-182.45678194791327,-18.563359194377764,0
-177.2709178030562,-17.817702903174595,0
-172.08459193513818,-17.091933165782628,0
-166.8979924288672,-16.382194710063132,0
-161.7113073689515,-15.684632263877388,0
-156.52472484009925,-14.995390555086688,0
-151.33843292701835,-14.310614311552282,0
-146.15261971441709,-13.626448261135469,0
-140.9674732870026,-12.939037131697393,0
-135.78318172948488,-12.244525651099577,0
-130.59989276257807,-11.539742849344124,0
-125.41756705503015,-10.824688901117984,0
-120.23611113056086,-10.100281917021391,0
-115.05543150737452,-9.36744010115822,0
-109.87543470367548,-8.62708165763234,0
-104.696027237668,-7.880124790547628,0
-99.51711562755561,-7.127487704007823,0
-94.33860639154446,-6.370088602117064,0
-89.16040604783792,-5.608845688979096,0
-83.98242111464036,-4.8446771686977845,0
-78.80455811015615,-4.07850124537701,0
-73.62672355258957,-3.311236123120646,0
-68.44882396014502,-2.543800006032566,0
-63.27076585102679,-1.7771110982166405,0
-58.092455743438364,-1.0120876037766136,0
-52.91380015558585,-0.2496477268166235,0
-47.73470560567268,0.5092903285595893,0
-42.55507861190323,1.2638083582481503,0
-37.374825692481814,2.0129881581451867,0
-32.19385336561279,2.755911524146824,0
-27.012068149500475,3.491660252149188,0
-21.82937656234922,4.2193161380484066,0
-16.645685122362476,4.937960977740729,0
-11.460900347746366,5.646676567122033,0
-6.274928756704337,6.344544702088569,0
-1.087676867440726,7.030647178536463,0
